<?xml version="1.0" encoding="UTF-8"?>
<GenRun Id="synth_1" LaunchPart="xc7a35tcpg236-1" LaunchTime="1556004204">
  <File Type="PA-TCL" Name="Adder32Bit.tcl"/>
  <File Type="RDS-PROPCONSTRS" Name="Adder32Bit_drc_synth.rpt"/>
  <File Type="REPORTS-TCL" Name="Adder32Bit_reports.tcl"/>
  <File Type="RDS-RDS" Name="Adder32Bit.vds"/>
  <File Type="RDS-UTIL" Name="Adder32Bit_utilization_synth.rpt"/>
  <File Type="RDS-UTIL-PB" Name="Adder32Bit_utilization_synth.pb"/>
  <File Type="RDS-DCP" Name="Adder32Bit.dcp"/>
  <File Type="VDS-TIMINGSUMMARY" Name="Adder32Bit_timing_summary_synth.rpt"/>
  <File Type="VDS-TIMING-PB" Name="Adder32Bit_timing_summary_synth.pb"/>
  <FileSet Name="sources" Type="DesignSrcs" RelSrcDir="$PSRCDIR/sources_1">
    <Filter Type="Srcs"/>
    <File Path="$PSRCDIR/sources_1/new/fullAdder.vhd">
      <FileInfo>
        <Attr Name="UsedIn" Val="synthesis"/>
        <Attr Name="UsedIn" Val="simulation"/>
      </FileInfo>
    </File>
    <File Path="$PSRCDIR/sources_1/new/32 bit adder.vhd">
      <FileInfo>
        <Attr Name="UsedIn" Val="synthesis"/>
        <Attr Name="UsedIn" Val="simulation"/>
      </FileInfo>
    </File>
    <Config>
      <Option Name="DesignMode" Val="RTL"/>
      <Option Name="TopModule" Val="Adder32Bit"/>
      <Option Name="TopAutoSet" Val="TRUE"/>
    </Config>
  </FileSet>
  <FileSet Name="constrs_in" Type="Constrs" RelSrcDir="$PSRCDIR/constrs_1">
    <Filter Type="Constrs"/>
    <Config>
      <Option Name="ConstrsType" Val="XDC"/>
    </Config>
  </FileSet>
  <FileSet Name="utils" Type="Utils" RelSrcDir="$PSRCDIR/utils_1">
    <Filter Type="Utils"/>
    <Config>
      <Option Name="TopAutoSet" Val="TRUE"/>
    </Config>
  </FileSet>
  <Strategy Version="1" Minor="2">
    <StratHandle Name="Vivado Synthesis Defaults" Flow="Vivado Synthesis 2018"/>
    <Step Id="synth_design"/>
  </Strategy>
</GenRun>
